{
    "1": [
        0.032086015,
        0.108658746,
        0.34455177,
        0.54974973,
        -0.89134425
    ],
    "3": [
        -0.09123115,
        0.2637072,
        0.47960255,
        0.3426702,
        -0.9511681
    ],
    "4": [
        0.18350898,
        0.09125652,
        0.19741566,
        0.54505724,
        -0.91121626
    ],
    "2": [
        -6.809274e-05,
        0.19512779,
        0.31758854,
        0.24154831,
        -1.027901
    ]
}